model,evaluation,dataset,n_patients,metric_name,metric_value,notes
CellLine-LightGBM,10-fold CV (cell lines),LINCS x GDSC2,719,RMSE,16.6593,std=0.6415
CellLine-LightGBM-on-patients,CTR-DB patient validation (mean),ALL,1912,Mean AUC,0.4674,"10 datasets, std=0.0920"
CellLine-LightGBM-on-patients,CTR-DB patient validation,GSE20194,278,AUC,0.508,drug=TFAC (Cyclophosphamide+Doxorubicin+Fluorouracil+Paclitaxel)
CellLine-LightGBM-on-patients,CTR-DB patient validation,GSE20194,278,Cohen's d,0.063,"mean_R=103.71, mean_NR=103.21"
CellLine-LightGBM-on-patients,CTR-DB patient validation,GSE20194,278,Wilcoxon p-value,0.853172,
CellLine-LightGBM-on-patients,CTR-DB patient validation,GSE20271,178,AUC,0.4813,drug=FAC (Cyclophosphamide+Doxorubicin+Fluorouracil)
CellLine-LightGBM-on-patients,CTR-DB patient validation,GSE20271,178,Cohen's d,-0.0399,"mean_R=102.30, mean_NR=102.55"
CellLine-LightGBM-on-patients,CTR-DB patient validation,GSE20271,178,Wilcoxon p-value,0.762102,
CellLine-LightGBM-on-patients,CTR-DB patient validation,GSE25066,488,AUC,0.577,drug=Anthracycline+Taxane
CellLine-LightGBM-on-patients,CTR-DB patient validation,GSE25066,488,Cohen's d,0.2535,"mean_R=105.17, mean_NR=103.09"
CellLine-LightGBM-on-patients,CTR-DB patient validation,GSE25066,488,Wilcoxon p-value,0.017902,
CellLine-LightGBM-on-patients,CTR-DB patient validation,GSE32646,115,AUC,0.4604,drug=TFEC (Cyclophosphamide+Epirubicin+Fluorouracil+Paclitaxel)
CellLine-LightGBM-on-patients,CTR-DB patient validation,GSE32646,115,Cohen's d,-0.09,"mean_R=100.63, mean_NR=101.42"
CellLine-LightGBM-on-patients,CTR-DB patient validation,GSE32646,115,Wilcoxon p-value,0.537268,
CellLine-LightGBM-on-patients,CTR-DB patient validation,GSE41998,206,AUC,0.4597,drug=AC (Cyclophosphamide+Doxorubicin)+Ixabepilone
CellLine-LightGBM-on-patients,CTR-DB patient validation,GSE41998,206,Cohen's d,-0.1416,"mean_R=101.43, mean_NR=102.71"
CellLine-LightGBM-on-patients,CTR-DB patient validation,GSE41998,206,Wilcoxon p-value,0.768207,
CellLine-LightGBM-on-patients,CTR-DB patient validation,GSE4779,102,AUC,0.5425,drug=Cyclophosphamide+Epirubicin+Fluorouracil
CellLine-LightGBM-on-patients,CTR-DB patient validation,GSE4779,102,Cohen's d,0.1785,"mean_R=101.21, mean_NR=99.57"
CellLine-LightGBM-on-patients,CTR-DB patient validation,GSE4779,102,Wilcoxon p-value,0.4739,
CellLine-LightGBM-on-patients,CTR-DB patient validation,GSE50948,156,AUC,0.3982,drug=AT (Doxorubicin+Paclitaxel)+CMF (Cyclophosphamide+Fluorouracil+Methotrexate)+Trastuzumab
CellLine-LightGBM-on-patients,CTR-DB patient validation,GSE50948,156,Cohen's d,-0.3071,"mean_R=99.27, mean_NR=101.92"
CellLine-LightGBM-on-patients,CTR-DB patient validation,GSE50948,156,Wilcoxon p-value,0.037828,
CellLine-LightGBM-on-patients,CTR-DB patient validation,GSE66999,76,AUC,0.2452,drug=Docetaxel+Epirubicin+Pegfilgrastim
CellLine-LightGBM-on-patients,CTR-DB patient validation,GSE66999,76,Cohen's d,-0.897,"mean_R=99.88, mean_NR=110.71"
CellLine-LightGBM-on-patients,CTR-DB patient validation,GSE66999,76,Wilcoxon p-value,0.037946,
CellLine-LightGBM-on-patients,CTR-DB patient validation,GSE6861,161,AUC,0.4931,drug=Cyclophosphamide+Epirubicin+Fluorouracil
CellLine-LightGBM-on-patients,CTR-DB patient validation,GSE6861,161,Cohen's d,0.0503,"mean_R=100.82, mean_NR=100.37"
CellLine-LightGBM-on-patients,CTR-DB patient validation,GSE6861,161,Wilcoxon p-value,0.883859,
CellLine-LightGBM-on-patients,CTR-DB patient validation,GSE82172,152,AUC,0.5089,drug=Tamoxifen
CellLine-LightGBM-on-patients,CTR-DB patient validation,GSE82172,152,Cohen's d,-0.0023,"mean_R=101.73, mean_NR=101.75"
CellLine-LightGBM-on-patients,CTR-DB patient validation,GSE82172,152,Wilcoxon p-value,0.898032,
LINCS-reversal,Reversal score discrimination,GSE20271,178,AUC,0.6493,"drug=alfacalcidol, p=0.015185"
LINCS-reversal,Reversal score discrimination,GSE20271,178,AUC,0.4112,"drug=cefaclor, p=0.148855"
LINCS-reversal,Reversal score discrimination,GSE20271,178,AUC,0.4613,"drug=guanfacine, p=0.529942"
LINCS-reversal,Reversal score discrimination,GSE20271,178,AUC,0.6207,"drug=sulfacetamide, p=0.0497"
LINCS-reversal,Reversal score discrimination,GSE20271,178,AUC,0.647,"drug=sulfachlorpyridazine, p=0.016808"
LINCS-reversal,Reversal score discrimination,GSE20271,178,AUC,0.3603,"drug=tofacitinib, p=0.02312"
LINCS-reversal,Reversal score discrimination,GSE41998,206,AUC,0.4697,"drug=2-(biphenyl-4-ylsulfonamido)pentanedioic-acid, p=0.825139"
LINCS-reversal,Reversal score discrimination,GSE41998,206,AUC,0.7473,"drug=2-fluoropalmitic-acid, p=0.058052"
LINCS-reversal,Reversal score discrimination,GSE41998,206,AUC,0.8209,"drug=4-hydroxyretinoic-acid, p=0.011065"
LINCS-reversal,Reversal score discrimination,GSE41998,206,AUC,0.5443,"drug=5-aminolevulinic-acid, p=0.745738"
LINCS-reversal,Reversal score discrimination,GSE41998,206,AUC,0.7313,"drug=ac-55649, p=0.07777"
LINCS-reversal,Reversal score discrimination,GSE41998,206,AUC,0.4189,"drug=bl003-049-hdac3, p=0.549416"
LINCS-reversal,Reversal score discrimination,GSE41998,206,AUC,0.2866,"drug=dac-003, p=0.105596"
LINCS-reversal,Reversal score discrimination,GSE41998,206,AUC,0.4299,"drug=dac-004, p=0.605276"
LINCS-reversal,Reversal score discrimination,GSE41998,206,AUC,0.6119,"drug=dac-009, p=0.406241"
LINCS-reversal,Reversal score discrimination,GSE41998,206,AUC,0.3502,"drug=dac-012, p=0.263401"
LINCS-reversal,Reversal score discrimination,GSE41998,206,AUC,0.4318,"drug=dac-013, p=0.615683"
LINCS-reversal,Reversal score discrimination,GSE41998,206,AUC,0.6627,"drug=fl-hdac-025, p=0.223175"
LINCS-reversal,Reversal score discrimination,GSE41998,206,AUC,0.4488,"drug=hdac1-selective, p=0.706909"
LINCS-reversal,Reversal score discrimination,GSE41998,206,AUC,0.4388,"drug=hdac3-selective, p=0.652672"
LINCS-reversal,Reversal score discrimination,GSE41998,206,AUC,0.3085,"drug=hdaci1,2+3_mix, p=0.148818"
LINCS-reversal,Reversal score discrimination,GSE41998,206,AUC,0.5821,"drug=m2-pk-activator, p=0.544459"
LINCS-reversal,Reversal score discrimination,GSE41998,206,AUC,0.6119,"drug=n-(3-acetamidophenyl)-3-chlorobenzamide, p=0.406241"
LINCS-reversal,Reversal score discrimination,GSE41998,206,AUC,0.6398,"drug=n-arachidonyl-gaba, p=0.297342"
LINCS-reversal,Reversal score discrimination,GSE41998,206,AUC,0.6567,"drug=nfkb-activation-inhibitor-ii, p=0.241197"
LINCS-reversal,Reversal score discrimination,GSE41998,206,AUC,0.2358,"drug=pac-1, p=0.041587"
LINCS-reversal,Reversal score discrimination,GSE41998,206,AUC,0.4537,"drug=acadesine, p=0.734578"
LINCS-reversal,Reversal score discrimination,GSE41998,206,AUC,0.5124,"drug=acamprosate, p=0.929613"
LINCS-reversal,Reversal score discrimination,GSE41998,206,AUC,0.5801,"drug=acarbose, p=0.554394"
LINCS-reversal,Reversal score discrimination,GSE41998,206,AUC,0.3692,"drug=acebutolol, p=0.330128"
LINCS-reversal,Reversal score discrimination,GSE41998,206,AUC,0.2836,"drug=aceclidine, p=0.100512"
LINCS-reversal,Reversal score discrimination,GSE41998,206,AUC,0.5343,"drug=aceclofenac, p=0.802246"
LINCS-reversal,Reversal score discrimination,GSE41998,206,AUC,0.2925,"drug=acefylline, p=0.116331"
LINCS-reversal,Reversal score discrimination,GSE41998,206,AUC,0.398,"drug=acemetacin, p=0.449958"
LINCS-reversal,Reversal score discrimination,GSE41998,206,AUC,0.3393,"drug=acenocoumarol, p=0.229079"
LINCS-reversal,Reversal score discrimination,GSE41998,206,AUC,0.6149,"drug=acepromazine, p=0.39361"
LINCS-reversal,Reversal score discrimination,GSE41998,206,AUC,0.6975,"drug=acetazolamide, p=0.135959"
LINCS-reversal,Reversal score discrimination,GSE41998,206,AUC,0.7104,"drug=acetohexamide, p=0.110868"
LINCS-reversal,Reversal score discrimination,GSE41998,206,AUC,0.4289,"drug=acetyl-farnesyl-cysteine, p=0.600101"
LINCS-reversal,Reversal score discrimination,GSE41998,206,AUC,0.4856,"drug=acetyl-geranygeranyl-cysteine, p=0.917917"
LINCS-reversal,Reversal score discrimination,GSE41998,206,AUC,0.4716,"drug=acetyl-geranyl-cysteine, p=0.836639"
LINCS-reversal,Reversal score discrimination,GSE41998,206,AUC,0.2438,"drug=acetylcholine, p=0.048803"
LINCS-reversal,Reversal score discrimination,GSE41998,206,AUC,0.2826,"drug=acetylcysteine, p=0.098858"
LINCS-reversal,Reversal score discrimination,GSE41998,206,AUC,0.4358,"drug=acetylsalicylsalicylic-acid, p=0.636715"
LINCS-reversal,Reversal score discrimination,GSE41998,206,AUC,0.4338,"drug=acipimox, p=0.626163"
LINCS-reversal,Reversal score discrimination,GSE41998,206,AUC,0.7731,"drug=acitretin, p=0.034502"
LINCS-reversal,Reversal score discrimination,GSE41998,206,AUC,0.3463,"drug=actarit, p=0.250557"
LINCS-reversal,Reversal score discrimination,GSE41998,206,AUC,0.5005,"drug=acyclovir, p=1.0"
LINCS-reversal,Reversal score discrimination,GSE41998,206,AUC,0.3851,"drug=alendronic-acid, p=0.39361"
LINCS-reversal,Reversal score discrimination,GSE41998,206,AUC,0.2796,"drug=alfacalcidol, p=0.094017"
LINCS-reversal,Reversal score discrimination,GSE41998,206,AUC,0.3502,"drug=alfadolone-acetate, p=0.263401"
LINCS-reversal,Reversal score discrimination,GSE41998,206,AUC,0.6368,"drug=alpha-linolenic-acid, p=0.308035"
LINCS-reversal,Reversal score discrimination,GSE41998,206,AUC,0.6786,"drug=amikacin, p=0.179591"
LINCS-reversal,Reversal score discrimination,GSE41998,206,AUC,0.5861,"drug=aminocaproic-acid, p=0.524844"
LINCS-reversal,Reversal score discrimination,GSE41998,206,AUC,0.4786,"drug=aminohippuric-acid, p=0.877128"
LINCS-reversal,Reversal score discrimination,GSE41998,206,AUC,0.7433,"drug=aminosalicylic-acid, p=0.062573"
LINCS-reversal,Reversal score discrimination,GSE41998,206,AUC,0.2816,"drug=amsacrine, p=0.097224"
LINCS-reversal,Reversal score discrimination,GSE41998,206,AUC,0.2856,"drug=aniracetam, p=0.103881"
LINCS-reversal,Reversal score discrimination,GSE41998,206,AUC,0.6388,"drug=apoptosis-activator-ii, p=0.30088"
LINCS-reversal,Reversal score discrimination,GSE41998,206,AUC,0.5652,"drug=arachidonamide, p=0.63143"
LINCS-reversal,Reversal score discrimination,GSE41998,206,AUC,0.4577,"drug=arachidonyl-trifluoro-methane, p=0.756949"
LINCS-reversal,Reversal score discrimination,GSE41998,206,AUC,0.3413,"drug=aristolochic-acid, p=0.235086"
LINCS-reversal,Reversal score discrimination,GSE41998,206,AUC,0.4209,"drug=ascorbic-acid, p=0.559392"
LINCS-reversal,Reversal score discrimination,GSE41998,206,AUC,0.5483,"drug=asiatic-acid, p=0.72347"
LINCS-reversal,Reversal score discrimination,GSE41998,206,AUC,0.5035,"drug=atractyloside, p=0.982383"
LINCS-reversal,Reversal score discrimination,GSE41998,206,AUC,0.3692,"drug=atracurium, p=0.330128"
LINCS-reversal,Reversal score discrimination,GSE41998,206,AUC,0.5264,"drug=azacitidine, p=0.848171"
LINCS-reversal,Reversal score discrimination,GSE41998,206,AUC,0.5015,"drug=azacyclonol, p=0.994127"
LINCS-reversal,Reversal score discrimination,GSE41998,206,AUC,0.4547,"drug=bacampicilline, p=0.740152"
LINCS-reversal,Reversal score discrimination,GSE41998,206,AUC,0.2766,"drug=baccatin-iii, p=0.089355"
LINCS-reversal,Reversal score discrimination,GSE41998,206,AUC,0.5642,"drug=bacitracin, p=0.636715"
LINCS-reversal,Reversal score discrimination,GSE41998,206,AUC,0.4199,"drug=baclofen, p=0.554394"
LINCS-reversal,Reversal score discrimination,GSE41998,206,AUC,0.2527,"drug=benactyzine, p=0.058052"
LINCS-reversal,Reversal score discrimination,GSE41998,206,AUC,0.5264,"drug=benzohydroxamic-acid, p=0.848171"
LINCS-reversal,Reversal score discrimination,GSE41998,206,AUC,0.4876,"drug=betamethasone-acetate, p=0.929613"
LINCS-reversal,Reversal score discrimination,GSE41998,206,AUC,0.5502,"drug=betulinic-acid, p=0.712415"
LINCS-reversal,Reversal score discrimination,GSE41998,206,AUC,0.2468,"drug=bisacodyl, p=0.051748"
LINCS-reversal,Reversal score discrimination,GSE41998,206,AUC,0.4836,"drug=bongkrek-acid, p=0.906238"
LINCS-reversal,Reversal score discrimination,GSE41998,206,AUC,0.5045,"drug=bromfenac, p=0.976513"
LINCS-reversal,Reversal score discrimination,GSE41998,206,AUC,0.3741,"drug=bufexamac, p=0.349256"
LINCS-reversal,Reversal score discrimination,GSE41998,206,AUC,0.204,"drug=bulleyaconitine-a, p=0.020663"
LINCS-reversal,Reversal score discrimination,GSE41998,206,AUC,0.3423,"drug=bupivacaine, p=0.238129"
LINCS-reversal,Reversal score discrimination,GSE41998,206,AUC,0.5871,"drug=butacaine, p=0.519994"
LINCS-reversal,Reversal score discrimination,GSE41998,206,AUC,0.5184,"drug=byssochlamic-acid, p=0.894578"
LINCS-reversal,Reversal score discrimination,GSE41998,206,AUC,0.202,"drug=caffeic-acid, p=0.019711"
LINCS-reversal,Reversal score discrimination,GSE41998,206,AUC,0.3851,"drug=canrenoic-acid, p=0.39361"
LINCS-reversal,Reversal score discrimination,GSE41998,206,AUC,0.8498,"drug=carbachol, p=0.004786"
LINCS-reversal,Reversal score discrimination,GSE41998,206,AUC,0.5622,"drug=carbacyclin, p=0.647336"
LINCS-reversal,Reversal score discrimination,GSE41998,206,AUC,0.7891,"drug=cefaclor, p=0.024291"
LINCS-reversal,Reversal score discrimination,GSE41998,206,AUC,0.4249,"drug=cephalosporanic-acid, p=0.579589"
LINCS-reversal,Reversal score discrimination,GSE41998,206,AUC,0.6438,"drug=chenodeoxycholic-acid, p=0.283451"
LINCS-reversal,Reversal score discrimination,GSE41998,206,AUC,0.3085,"drug=chlormadinone-acetate, p=0.148818"
LINCS-reversal,Reversal score discrimination,GSE41998,206,AUC,0.4935,"drug=chlortetracycline, p=0.964775"
LINCS-reversal,Reversal score discrimination,GSE41998,206,AUC,0.6149,"drug=cholic-acid, p=0.39361"
LINCS-reversal,Reversal score discrimination,GSE41998,206,AUC,0.6428,"drug=ciclacillin, p=0.286884"
LINCS-reversal,Reversal score discrimination,GSE41998,206,AUC,0.4806,"drug=cinacalcet, p=0.888756"
LINCS-reversal,Reversal score discrimination,GSE41998,206,AUC,0.4378,"drug=ciprofloxacin, p=0.647336"
LINCS-reversal,Reversal score discrimination,GSE41998,206,AUC,0.5413,"drug=clavulanic-acid, p=0.762572"
LINCS-reversal,Reversal score discrimination,GSE41998,206,AUC,0.6816,"drug=clinafloxacin, p=0.172129"
LINCS-reversal,Reversal score discrimination,GSE41998,206,AUC,0.6169,"drug=clodronic-acid, p=0.385316"
LINCS-reversal,Reversal score discrimination,GSE41998,206,AUC,0.4259,"drug=clofibric-acid, p=0.584688"
LINCS-reversal,Reversal score discrimination,GSE41998,206,AUC,0.5692,"drug=cloxacillin, p=0.610471"
LINCS-reversal,Reversal score discrimination,GSE41998,206,AUC,0.5542,"drug=cortisone-acetate, p=0.690477"
LINCS-reversal,Reversal score discrimination,GSE41998,206,AUC,0.1602,"drug=coumaric-acid, p=0.006493"
LINCS-reversal,Reversal score discrimination,GSE41998,206,AUC,0.6756,"drug=cromoglicic-acid, p=0.187275"
LINCS-reversal,Reversal score discrimination,GSE41998,206,AUC,0.3393,"drug=cucurbitacin-i, p=0.229079"
LINCS-reversal,Reversal score discrimination,GSE41998,206,AUC,0.3443,"drug=cyclopiazonic-acid, p=0.244291"
LINCS-reversal,Reversal score discrimination,GSE41998,206,AUC,0.6995,"drug=dacarbazine, p=0.131855"
LINCS-reversal,Reversal score discrimination,GSE41998,206,AUC,0.3532,"drug=dacinostat, p=0.273308"
LINCS-reversal,Reversal score discrimination,GSE41998,206,AUC,0.4577,"drug=dactinomycin, p=0.756949"
LINCS-reversal,Reversal score discrimination,GSE41998,206,AUC,0.3731,"drug=darifenacin, p=0.345379"
LINCS-reversal,Reversal score discrimination,GSE41998,206,AUC,0.6159,"drug=deflazacort, p=0.38945"
LINCS-reversal,Reversal score discrimination,GSE41998,206,AUC,0.5652,"drug=dehydrocholic-acid, p=0.63143"
LINCS-reversal,Reversal score discrimination,GSE41998,206,AUC,0.3184,"drug=deoxycholic-acid, p=0.172129"
LINCS-reversal,Reversal score discrimination,GSE41998,206,AUC,0.594,"drug=deoxycorticosterone-acetate, p=0.486666"
LINCS-reversal,Reversal score discrimination,GSE41998,206,AUC,0.7303,"drug=deracoxib, p=0.079152"
LINCS-reversal,Reversal score discrimination,GSE41998,206,AUC,0.5413,"drug=dexamethasone-acetate, p=0.762572"
LINCS-reversal,Reversal score discrimination,GSE41998,206,AUC,0.2577,"drug=diacerein, p=0.063744"
LINCS-reversal,Reversal score discrimination,GSE41998,206,AUC,0.6826,"drug=dichloroacetic-acid, p=0.16969"
LINCS-reversal,Reversal score discrimination,GSE41998,206,AUC,0.8687,"drug=diclofenac, p=0.002531"
LINCS-reversal,Reversal score discrimination,GSE41998,206,AUC,0.4975,"drug=dicloxacillin, p=0.988255"
LINCS-reversal,Reversal score discrimination,GSE41998,206,AUC,0.595,"drug=dihomo-gamma-linolenic-acid, p=0.481996"
LINCS-reversal,Reversal score discrimination,GSE41998,206,AUC,0.4925,"drug=dihydro-7-desacetyldeoxygedunin, p=0.958908"
LINCS-reversal,Reversal score discrimination,GSE41998,206,AUC,0.3512,"drug=dihydrorobustic-acid, p=0.266677"
LINCS-reversal,Reversal score discrimination,GSE41998,206,AUC,0.4587,"drug=dimercaptosuccinic-acid, p=0.762572"
LINCS-reversal,Reversal score discrimination,GSE41998,206,AUC,0.5214,"drug=docosatrienoic-acid, p=0.877128"
LINCS-reversal,Reversal score discrimination,GSE41998,206,AUC,0.6806,"drug=ebelactone-b, p=0.174592"
LINCS-reversal,Reversal score discrimination,GSE41998,206,AUC,0.4806,"drug=eicosadienoic-acid, p=0.888756"
LINCS-reversal,Reversal score discrimination,GSE41998,206,AUC,0.591,"drug=eicosatetraynoic-acid, p=0.500814"
LINCS-reversal,Reversal score discrimination,GSE41998,206,AUC,0.6687,"drug=eicosatrienoic-acid, p=0.206076"
LINCS-reversal,Reversal score discrimination,GSE41998,206,AUC,0.2706,"drug=emodic-acid, p=0.080553"
LINCS-reversal,Reversal score discrimination,GSE41998,206,AUC,0.406,"drug=enoxacin, p=0.486666"
LINCS-reversal,Reversal score discrimination,GSE41998,206,AUC,0.6438,"drug=enrofloxacin, p=0.283451"
LINCS-reversal,Reversal score discrimination,GSE41998,206,AUC,0.4517,"drug=entacapone, p=0.72347"
LINCS-reversal,Reversal score discrimination,GSE41998,206,AUC,0.4517,"drug=ephedrine-(racemic), p=0.72347"
LINCS-reversal,Reversal score discrimination,GSE41998,206,AUC,0.4557,"drug=epinephrine-(racemic), p=0.745738"
LINCS-reversal,Reversal score discrimination,GSE41998,206,AUC,0.3652,"drug=eriochrome-black-t, p=0.315295"
LINCS-reversal,Reversal score discrimination,GSE41998,206,AUC,0.3204,"drug=etacrynic-acid, p=0.177079"
LINCS-reversal,Reversal score discrimination,GSE41998,206,AUC,0.6925,"drug=etidronic-acid, p=0.146617"
LINCS-reversal,Reversal score discrimination,GSE41998,206,AUC,0.403,"drug=etodolac, p=0.472724"
LINCS-reversal,Reversal score discrimination,GSE41998,206,AUC,0.3632,"drug=farnesylthioacetic-acid, p=0.308035"
LINCS-reversal,Reversal score discrimination,GSE41998,206,AUC,0.7473,"drug=felbinac, p=0.058052"
LINCS-reversal,Reversal score discrimination,GSE41998,206,AUC,0.6677,"drug=fentiazac, p=0.208862"
LINCS-reversal,Reversal score discrimination,GSE41998,206,AUC,0.6498,"drug=flucloxacillin, p=0.263401"
LINCS-reversal,Reversal score discrimination,GSE41998,206,AUC,0.7453,"drug=fludrocortisone-acetate, p=0.060279"
LINCS-reversal,Reversal score discrimination,GSE41998,206,AUC,0.4169,"drug=flufenamic-acid, p=0.539523"
LINCS-reversal,Reversal score discrimination,GSE41998,206,AUC,0.6259,"drug=fluocinolone-acetonide, p=0.349256"
LINCS-reversal,Reversal score discrimination,GSE41998,206,AUC,0.3771,"drug=fluorouracil, p=0.361045"
LINCS-reversal,Reversal score discrimination,GSE41998,206,AUC,0.398,"drug=folic-acid, p=0.449958"
LINCS-reversal,Reversal score discrimination,GSE41998,206,AUC,0.6119,"drug=fusaric-acid, p=0.406241"
LINCS-reversal,Reversal score discrimination,GSE41998,206,AUC,0.4687,"drug=gamma-linolenic-acid, p=0.819402"
LINCS-reversal,Reversal score discrimination,GSE41998,206,AUC,0.39,"drug=gatifloxacin, p=0.414787"
LINCS-reversal,Reversal score discrimination,GSE41998,206,AUC,0.3562,"drug=glycocholic-acid, p=0.283451"
LINCS-reversal,Reversal score discrimination,GSE41998,206,AUC,0.5841,"drug=glycodeoxycholic-acid, p=0.534609"
LINCS-reversal,Reversal score discrimination,GSE41998,206,AUC,0.3264,"drug=guaiacol, p=0.192522"
LINCS-reversal,Reversal score discrimination,GSE41998,206,AUC,0.5015,"drug=guanaben-acetate, p=0.994127"
LINCS-reversal,Reversal score discrimination,GSE41998,206,AUC,0.4368,"drug=guanfacine, p=0.642017"
LINCS-reversal,Reversal score discrimination,GSE41998,206,AUC,0.6109,"drug=heraclenol, p=0.410502"
LINCS-reversal,Reversal score discrimination,GSE41998,206,AUC,0.4179,"drug=hexamethylenebisacetamide, p=0.544459"
LINCS-reversal,Reversal score discrimination,GSE41998,206,AUC,0.6776,"drug=hydrocortisone-acetate, p=0.182128"
LINCS-reversal,Reversal score discrimination,GSE41998,206,AUC,0.4577,"drug=hydroxytacrine-maleate-(r,s), p=0.756949"
LINCS-reversal,Reversal score discrimination,GSE41998,206,AUC,0.4299,"drug=ibandronic-acid, p=0.605276"
LINCS-reversal,Reversal score discrimination,GSE41998,206,AUC,0.5443,"drug=indometacin, p=0.745738"
LINCS-reversal,Reversal score discrimination,GSE41998,206,AUC,0.0945,"drug=iocetamic-acid, p=0.000545"
LINCS-reversal,Reversal score discrimination,GSE41998,206,AUC,0.2587,"drug=iodoacetic-acid, p=0.064932"
LINCS-reversal,Reversal score discrimination,GSE41998,206,AUC,0.5274,"drug=iopanoic-acid, p=0.842401"
LINCS-reversal,Reversal score discrimination,GSE41998,206,AUC,0.6139,"drug=ioxaglic-acid, p=0.397795"
LINCS-reversal,Reversal score discrimination,GSE41998,206,AUC,0.4736,"drug=ipidacrine, p=0.848171"
LINCS-reversal,Reversal score discrimination,GSE41998,206,AUC,0.808,"drug=isoflupredone-acetate, p=0.015461"
LINCS-reversal,Reversal score discrimination,GSE41998,206,AUC,0.4119,"drug=isonicotinohydroxamic-acid, p=0.515166"
LINCS-reversal,Reversal score discrimination,GSE41998,206,AUC,0.4716,"drug=itraconazole, p=0.836639"
LINCS-reversal,Reversal score discrimination,GSE41998,206,AUC,0.5841,"drug=ivachtin, p=0.534609"
LINCS-reversal,Reversal score discrimination,GSE41998,206,AUC,0.3413,"drug=ketorolac, p=0.235086"
LINCS-reversal,Reversal score discrimination,GSE41998,206,AUC,0.409,"drug=lacidipine, p=0.500814"
LINCS-reversal,Reversal score discrimination,GSE41998,206,AUC,0.7592,"drug=larixinic-acid, p=0.045991"
LINCS-reversal,Reversal score discrimination,GSE41998,206,AUC,0.6239,"drug=levetiracetam, p=0.357089"
LINCS-reversal,Reversal score discrimination,GSE41998,206,AUC,0.3413,"drug=levofloxacin, p=0.235086"
LINCS-reversal,Reversal score discrimination,GSE41998,206,AUC,0.4697,"drug=linoleic-acid, p=0.825139"
LINCS-reversal,Reversal score discrimination,GSE41998,206,AUC,0.5353,"drug=lithocholic-acid, p=0.796547"
LINCS-reversal,Reversal score discrimination,GSE41998,206,AUC,0.5821,"drug=lobaric-acid, p=0.544459"
LINCS-reversal,Reversal score discrimination,GSE41998,206,AUC,0.6667,"drug=lomefloxacin, p=0.211674"
LINCS-reversal,Reversal score discrimination,GSE41998,206,AUC,0.5184,"drug=loracarbef, p=0.894578"
LINCS-reversal,Reversal score discrimination,GSE41998,206,AUC,0.7134,"drug=maackiain, p=0.105596"
LINCS-reversal,Reversal score discrimination,GSE41998,206,AUC,0.4279,"drug=marbofloxacin, p=0.594944"
LINCS-reversal,Reversal score discrimination,GSE41998,206,AUC,0.3274,"drug=mead-acid, p=0.195182"
LINCS-reversal,Reversal score discrimination,GSE41998,206,AUC,0.3622,"drug=meclofenamic-acid, p=0.304444"
LINCS-reversal,Reversal score discrimination,GSE41998,206,AUC,0.2627,"drug=mefenamic-acid, p=0.069856"
LINCS-reversal,Reversal score discrimination,GSE41998,206,AUC,0.3443,"drug=mepacrine, p=0.244291"
LINCS-reversal,Reversal score discrimination,GSE41998,206,AUC,0.5124,"drug=mepivacaine, p=0.929613"
LINCS-reversal,Reversal score discrimination,GSE41998,206,AUC,0.4318,"drug=metacycline, p=0.615683"
LINCS-reversal,Reversal score discrimination,GSE41998,206,AUC,0.6925,"drug=methoprene-acid, p=0.146617"
LINCS-reversal,Reversal score discrimination,GSE41998,206,AUC,0.4617,"drug=methyllycaconitine, p=0.77951"
LINCS-reversal,Reversal score discrimination,GSE41998,206,AUC,0.3244,"drug=milnacipran, p=0.187275"
LINCS-reversal,Reversal score discrimination,GSE41998,206,AUC,0.5274,"drug=mofezolac, p=0.842401"
LINCS-reversal,Reversal score discrimination,GSE41998,206,AUC,0.3363,"drug=moracizine, p=0.220261"
LINCS-reversal,Reversal score discrimination,GSE41998,206,AUC,0.3831,"drug=moxifloxacin, p=0.385316"
LINCS-reversal,Reversal score discrimination,GSE41998,206,AUC,0.206,"drug=mycophenolic-acid, p=0.021652"
LINCS-reversal,Reversal score discrimination,GSE41998,206,AUC,0.6796,"drug=n-acetyl-l-leucine, p=0.177079"
LINCS-reversal,Reversal score discrimination,GSE41998,206,AUC,0.7781,"drug=nadifloxacin, p=0.031002"
LINCS-reversal,Reversal score discrimination,GSE41998,206,AUC,0.5831,"drug=nalidixic-acid, p=0.539523"
LINCS-reversal,Reversal score discrimination,GSE41998,206,AUC,0.4408,"drug=niacin, p=0.663393"
LINCS-reversal,Reversal score discrimination,GSE41998,206,AUC,0.3781,"drug=niflumic-acid, p=0.365026"
LINCS-reversal,Reversal score discrimination,GSE41998,206,AUC,0.3592,"drug=nomegestrol-acetate, p=0.29383"
LINCS-reversal,Reversal score discrimination,GSE41998,206,AUC,0.5284,"drug=norfloxacin, p=0.836639"
LINCS-reversal,Reversal score discrimination,GSE41998,206,AUC,0.4935,"drug=ofloxacin, p=0.964775"
LINCS-reversal,Reversal score discrimination,GSE41998,206,AUC,0.5642,"drug=oxacillin, p=0.636715"
LINCS-reversal,Reversal score discrimination,GSE41998,206,AUC,0.5134,"drug=oxalomalic-acid, p=0.923763"
LINCS-reversal,Reversal score discrimination,GSE41998,206,AUC,0.3244,"drug=oxetacaine, p=0.187275"
LINCS-reversal,Reversal score discrimination,GSE41998,206,AUC,0.4557,"drug=oxolinic-acid, p=0.745738"
LINCS-reversal,Reversal score discrimination,GSE41998,206,AUC,0.4438,"drug=oxytetracycline, p=0.679597"
LINCS-reversal,Reversal score discrimination,GSE41998,206,AUC,0.2935,"drug=paclitaxel, p=0.118195"
LINCS-reversal,Reversal score discrimination,GSE41998,206,AUC,0.7731,"drug=paracetamol, p=0.034502"
LINCS-reversal,Reversal score discrimination,GSE41998,206,AUC,0.3124,"drug=parachlorophenol, p=0.157856"
LINCS-reversal,Reversal score discrimination,GSE41998,206,AUC,0.5134,"drug=pazufloxacin, p=0.923763"
LINCS-reversal,Reversal score discrimination,GSE41998,206,AUC,0.3224,"drug=pefloxacin, p=0.182128"
LINCS-reversal,Reversal score discrimination,GSE41998,206,AUC,0.3104,"drug=penicillic-acid, p=0.15329"
LINCS-reversal,Reversal score discrimination,GSE41998,206,AUC,0.394,"drug=pentetic-acid, p=0.432177"
LINCS-reversal,Reversal score discrimination,GSE41998,206,AUC,0.6189,"drug=phenacetin, p=0.377123"
LINCS-reversal,Reversal score discrimination,GSE41998,206,AUC,0.3781,"drug=phorbol-12-myristate-13-acetate, p=0.365026"
LINCS-reversal,Reversal score discrimination,GSE41998,206,AUC,0.8169,"drug=pinacidil, p=0.012294"
LINCS-reversal,Reversal score discrimination,GSE41998,206,AUC,0.7542,"drug=pipemidic-acid, p=0.050752"
LINCS-reversal,Reversal score discrimination,GSE41998,206,AUC,0.2945,"drug=piperacetazine, p=0.12008"
LINCS-reversal,Reversal score discrimination,GSE41998,206,AUC,0.6557,"drug=piperacillin, p=0.244291"
LINCS-reversal,Reversal score discrimination,GSE41998,206,AUC,0.8279,"drug=piracetam, p=0.009152"
LINCS-reversal,Reversal score discrimination,GSE41998,206,AUC,0.5612,"drug=pirinixic-acid, p=0.652672"
LINCS-reversal,Reversal score discrimination,GSE41998,206,AUC,0.3672,"drug=piromidic-acid, p=0.322659"
LINCS-reversal,Reversal score discrimination,GSE41998,206,AUC,0.3662,"drug=practolol, p=0.318964"
LINCS-reversal,Reversal score discrimination,GSE41998,206,AUC,0.39,"drug=prednisolone-acetate, p=0.414787"
LINCS-reversal,Reversal score discrimination,GSE41998,206,AUC,0.4816,"drug=propylthiouracil, p=0.894578"
LINCS-reversal,Reversal score discrimination,GSE41998,206,AUC,0.4269,"drug=proxymetacaine, p=0.589806"
LINCS-reversal,Reversal score discrimination,GSE41998,206,AUC,0.1721,"drug=racecadotril, p=0.009152"
LINCS-reversal,Reversal score discrimination,GSE41998,206,AUC,0.6627,"drug=raclopride, p=0.223175"
LINCS-reversal,Reversal score discrimination,GSE41998,206,AUC,0.6577,"drug=remacemide, p=0.238129"
LINCS-reversal,Reversal score discrimination,GSE41998,206,AUC,0.3274,"drug=reserpic-acid, p=0.195182"
LINCS-reversal,Reversal score discrimination,GSE41998,206,AUC,0.6249,"drug=retinyl-acetate, p=0.35316"
LINCS-reversal,Reversal score discrimination,GSE41998,206,AUC,0.8169,"drug=rhizocarpic-acid, p=0.012294"
LINCS-reversal,Reversal score discrimination,GSE41998,206,AUC,0.5512,"drug=rolitetracycline, p=0.706909"
LINCS-reversal,Reversal score discrimination,GSE41998,206,AUC,0.5134,"drug=ropivacaine, p=0.923763"
LINCS-reversal,Reversal score discrimination,GSE41998,206,AUC,0.5085,"drug=rosmarinic-acid, p=0.953044"
LINCS-reversal,Reversal score discrimination,GSE41998,206,AUC,0.5453,"drug=rotenonic-acid, p=0.740152"
LINCS-reversal,Reversal score discrimination,GSE41998,206,AUC,0.2985,"drug=roxatidine-acetate, p=0.127841"
LINCS-reversal,Reversal score discrimination,GSE41998,206,AUC,0.3443,"drug=rufloxacin, p=0.244291"
LINCS-reversal,Reversal score discrimination,GSE41998,206,AUC,0.3443,"drug=saclofen, p=0.244291"
LINCS-reversal,Reversal score discrimination,GSE41998,206,AUC,0.2388,"drug=saracatinib, p=0.044188"
LINCS-reversal,Reversal score discrimination,GSE41998,206,AUC,0.6428,"drug=sarafloxacin, p=0.286884"
LINCS-reversal,Reversal score discrimination,GSE41998,206,AUC,0.391,"drug=sertaconazole, p=0.419097"
LINCS-reversal,Reversal score discrimination,GSE41998,206,AUC,0.2308,"drug=solifenacin, p=0.037523"
LINCS-reversal,Reversal score discrimination,GSE41998,206,AUC,0.7373,"drug=spaglumic-acid, p=0.069856"
LINCS-reversal,Reversal score discrimination,GSE41998,206,AUC,0.7264,"drug=sparfloxacin, p=0.084868"
LINCS-reversal,Reversal score discrimination,GSE41998,206,AUC,0.7393,"drug=sparfosic-acid, p=0.06736"
LINCS-reversal,Reversal score discrimination,GSE41998,206,AUC,0.3144,"drug=spironolactone, p=0.162518"
LINCS-reversal,Reversal score discrimination,GSE41998,206,AUC,0.3542,"drug=sulbactam, p=0.276663"
LINCS-reversal,Reversal score discrimination,GSE41998,206,AUC,0.408,"drug=sulfacetamide, p=0.496076"
LINCS-reversal,Reversal score discrimination,GSE41998,206,AUC,0.3075,"drug=sulfachlorpyridazine, p=0.146617"
LINCS-reversal,Reversal score discrimination,GSE41998,206,AUC,0.3821,"drug=sulindac, p=0.381206"
LINCS-reversal,Reversal score discrimination,GSE41998,206,AUC,0.4527,"drug=tacedinaline, p=0.729017"
LINCS-reversal,Reversal score discrimination,GSE41998,206,AUC,0.4189,"drug=tacrine, p=0.549416"
LINCS-reversal,Reversal score discrimination,GSE41998,206,AUC,0.3741,"drug=tacrolimus, p=0.349256"
LINCS-reversal,Reversal score discrimination,GSE41998,206,AUC,0.7522,"drug=taurocholic-acid, p=0.05276"
LINCS-reversal,Reversal score discrimination,GSE41998,206,AUC,0.804,"drug=taurodeoxycholic-acid, p=0.017062"
LINCS-reversal,Reversal score discrimination,GSE41998,206,AUC,0.6428,"drug=tazobactam, p=0.286884"
LINCS-reversal,Reversal score discrimination,GSE41998,206,AUC,0.4627,"drug=terreic-acid-(-), p=0.785179"
LINCS-reversal,Reversal score discrimination,GSE41998,206,AUC,0.4736,"drug=tetracaine, p=0.848171"
LINCS-reversal,Reversal score discrimination,GSE41998,206,AUC,0.6348,"drug=tetracycline, p=0.315295"
LINCS-reversal,Reversal score discrimination,GSE41998,206,AUC,0.59,"drug=tetradecylthioacetic-acid, p=0.505576"
LINCS-reversal,Reversal score discrimination,GSE41998,206,AUC,0.4348,"drug=tetrahydrocannabinol-7-oic-acid, p=0.63143"
LINCS-reversal,Reversal score discrimination,GSE41998,206,AUC,0.7751,"drug=thenoyltrifluoroacetone, p=0.033066"
LINCS-reversal,Reversal score discrimination,GSE41998,206,AUC,0.4677,"drug=thiazolidinecarboxylic-acid, p=0.813674"
LINCS-reversal,Reversal score discrimination,GSE41998,206,AUC,0.4249,"drug=tiaprofenic-acid, p=0.579589"
LINCS-reversal,Reversal score discrimination,GSE41998,206,AUC,0.4925,"drug=tienilic-acid, p=0.958908"
LINCS-reversal,Reversal score discrimination,GSE41998,206,AUC,0.793,"drug=tofacitinib, p=0.022161"
LINCS-reversal,Reversal score discrimination,GSE41998,206,AUC,0.2826,"drug=tolfenamic-acid, p=0.098858"
LINCS-reversal,Reversal score discrimination,GSE41998,206,AUC,0.3294,"drug=tosufloxacin, p=0.200579"
LINCS-reversal,Reversal score discrimination,GSE41998,206,AUC,0.4527,"drug=tracazolate, p=0.729017"
LINCS-reversal,Reversal score discrimination,GSE41998,206,AUC,0.3791,"drug=tranexamic-acid, p=0.369032"
LINCS-reversal,Reversal score discrimination,GSE41998,206,AUC,0.2915,"drug=tremulacin, p=0.114489"
LINCS-reversal,Reversal score discrimination,GSE41998,206,AUC,0.6756,"drug=triacsin-c, p=0.187275"
LINCS-reversal,Reversal score discrimination,GSE41998,206,AUC,0.5542,"drug=triamcinolone-acetonide, p=0.690477"
LINCS-reversal,Reversal score discrimination,GSE41998,206,AUC,0.3164,"drug=tubacin, p=0.167275"
LINCS-reversal,Reversal score discrimination,GSE41998,206,AUC,0.5413,"drug=tubaic-acid, p=0.762572"
LINCS-reversal,Reversal score discrimination,GSE41998,206,AUC,0.4189,"drug=ursolic-acid, p=0.549416"
LINCS-reversal,Reversal score discrimination,GSE41998,206,AUC,0.2239,"drug=valaciclovir, p=0.032366"
LINCS-reversal,Reversal score discrimination,GSE41998,206,AUC,0.5433,"drug=valproic-acid, p=0.751337"
LINCS-reversal,Reversal score discrimination,GSE41998,206,AUC,0.5323,"drug=zacopride, p=0.813674"
LINCS-reversal,Reversal score discrimination,GSE41998,206,AUC,0.407,"drug=zamifenacin, p=0.491359"
LINCS-reversal,Reversal score discrimination,GSE4779,102,AUC,0.4912,"drug=cyclophosphamide, p=0.885021"
LINCS-reversal,Reversal score discrimination,GSE50948,156,AUC,0.5093,"drug=17-hydroxyprogesterone-caproate, p=0.851589"
LINCS-reversal,Reversal score discrimination,GSE50948,156,AUC,0.4917,"drug=3-matida, p=0.866282"
LINCS-reversal,Reversal score discrimination,GSE50948,156,AUC,0.3766,"drug=7-hydroxy-pipat, p=0.011794"
LINCS-reversal,Reversal score discrimination,GSE50948,156,AUC,0.5649,"drug=at-7519, p=0.185301"
LINCS-reversal,Reversal score discrimination,GSE50948,156,AUC,0.4911,"drug=at-9283, p=0.85746"
LINCS-reversal,Reversal score discrimination,GSE50948,156,AUC,0.4829,"drug=at-csc-07, p=0.727847"
LINCS-reversal,Reversal score discrimination,GSE50948,156,AUC,0.5745,"drug=at-csc-18, p=0.128716"
LINCS-reversal,Reversal score discrimination,GSE50948,156,AUC,0.4928,"drug=at-sumo-1, p=0.883976"
LINCS-reversal,Reversal score discrimination,GSE50948,156,AUC,0.494,"drug=at1-shh-09, p=0.90469"
LINCS-reversal,Reversal score discrimination,GSE50948,156,AUC,0.4875,"drug=at1-shh-29, p=0.799152"
LINCS-reversal,Reversal score discrimination,GSE50948,156,AUC,0.5574,"drug=at7867, p=0.241521"
LINCS-reversal,Reversal score discrimination,GSE50948,156,AUC,0.4776,"drug=atpa, p=0.648028"
LINCS-reversal,Reversal score discrimination,GSE50948,156,AUC,0.4589,"drug=l-ascorbyl-6-palmitate, p=0.401935"
LINCS-reversal,Reversal score discrimination,GSE50948,156,AUC,0.577,"drug=m2-pk-activator, p=0.11605"
LINCS-reversal,Reversal score discrimination,GSE50948,156,AUC,0.405,"drug=nfkb-activation-inhibitor-ii, p=0.05259"
LINCS-reversal,Reversal score discrimination,GSE50948,156,AUC,0.4677,"drug=pati-1-2-3, p=0.510177"
LINCS-reversal,Reversal score discrimination,GSE50948,156,AUC,0.5173,"drug=stat3-inhibitor-vi, p=0.725039"
LINCS-reversal,Reversal score discrimination,GSE50948,156,AUC,0.4917,"drug=abiraterone, p=0.866282"
LINCS-reversal,Reversal score discrimination,GSE50948,156,AUC,0.5289,"drug=acamprosate, p=0.55689"
LINCS-reversal,Reversal score discrimination,GSE50948,156,AUC,0.4684,"drug=adenosine-phosphate, p=0.519838"
LINCS-reversal,Reversal score discrimination,GSE50948,156,AUC,0.5347,"drug=afatinib, p=0.479438"
LINCS-reversal,Reversal score discrimination,GSE50948,156,AUC,0.5298,"drug=alaproclate, p=0.544397"
LINCS-reversal,Reversal score discrimination,GSE50948,156,AUC,0.566,"drug=alfadolone-acetate, p=0.177961"
LINCS-reversal,Reversal score discrimination,GSE50948,156,AUC,0.4534,"drug=alrestatin, p=0.341896"
LINCS-reversal,Reversal score discrimination,GSE50948,156,AUC,0.5204,"drug=amuvatinib, p=0.677891"
LINCS-reversal,Reversal score discrimination,GSE50948,156,AUC,0.4585,"drug=apoptosis-activator-ii, p=0.397746"
LINCS-reversal,Reversal score discrimination,GSE50948,156,AUC,0.4493,"drug=argatroban, p=0.301723"
LINCS-reversal,Reversal score discrimination,GSE50948,156,AUC,0.4794,"drug=artesunate, p=0.675154"
LINCS-reversal,Reversal score discrimination,GSE50948,156,AUC,0.5406,"drug=asiatic-acid, p=0.408268"
LINCS-reversal,Reversal score discrimination,GSE50948,156,AUC,0.5453,"drug=asiaticoside, p=0.355365"
LINCS-reversal,Reversal score discrimination,GSE50948,156,AUC,0.4462,"drug=ataluren, p=0.272923"
LINCS-reversal,Reversal score discrimination,GSE50948,156,AUC,0.449,"drug=atenolol, p=0.298233"
LINCS-reversal,Reversal score discrimination,GSE50948,156,AUC,0.5318,"drug=atenolol-(+/-), p=0.517414"
LINCS-reversal,Reversal score discrimination,GSE50948,156,AUC,0.4607,"drug=atomoxetine, p=0.423275"
LINCS-reversal,Reversal score discrimination,GSE50948,156,AUC,0.5223,"drug=atorvastatin, p=0.65072"
LINCS-reversal,Reversal score discrimination,GSE50948,156,AUC,0.5442,"drug=atovaquone, p=0.367173"
LINCS-reversal,Reversal score discrimination,GSE50948,156,AUC,0.4955,"drug=atractyloside, p=0.928443"
LINCS-reversal,Reversal score discrimination,GSE50948,156,AUC,0.5184,"drug=atracurium, p=0.708268"
LINCS-reversal,Reversal score discrimination,GSE50948,156,AUC,0.6084,"drug=atropine, p=0.027007"
LINCS-reversal,Reversal score discrimination,GSE50948,156,AUC,0.5155,"drug=azathioprine, p=0.753283"
LINCS-reversal,Reversal score discrimination,GSE50948,156,AUC,0.5014,"drug=baccatin-iii, p=0.979104"
LINCS-reversal,Reversal score discrimination,GSE50948,156,AUC,0.4761,"drug=batimastat, p=0.626657"
LINCS-reversal,Reversal score discrimination,GSE50948,156,AUC,0.4627,"drug=beclomethasone-dipropionate, p=0.447499"
LINCS-reversal,Reversal score discrimination,GSE50948,156,AUC,0.5321,"drug=belinostat, p=0.512583"
LINCS-reversal,Reversal score discrimination,GSE50948,156,AUC,0.3878,"drug=benzathine, p=0.022021"
LINCS-reversal,Reversal score discrimination,GSE50948,156,AUC,0.5358,"drug=benzatropine, p=0.4656"
LINCS-reversal,Reversal score discrimination,GSE50948,156,AUC,0.4942,"drug=benzonatate, p=0.907655"
LINCS-reversal,Reversal score discrimination,GSE50948,156,AUC,0.4994,"drug=betamethasone-acetate, p=0.991044"
LINCS-reversal,Reversal score discrimination,GSE50948,156,AUC,0.5444,"drug=bezafibrate, p=0.365188"
LINCS-reversal,Reversal score discrimination,GSE50948,156,AUC,0.647,"drug=bimatoprost, p=0.002691"
LINCS-reversal,Reversal score discrimination,GSE50948,156,AUC,0.4836,"drug=blebbistatin, p=0.739117"
LINCS-reversal,Reversal score discrimination,GSE50948,156,AUC,0.5497,"drug=catechin, p=0.310565"
LINCS-reversal,Reversal score discrimination,GSE50948,156,AUC,0.4823,"drug=catharanthine, p=0.719434"
LINCS-reversal,Reversal score discrimination,GSE50948,156,AUC,0.412,"drug=cefatrizine, p=0.072482"
LINCS-reversal,Reversal score discrimination,GSE50948,156,AUC,0.5422,"drug=cerivastatin, p=0.389447"
LINCS-reversal,Reversal score discrimination,GSE50948,156,AUC,0.5642,"drug=cetraxate, p=0.190317"
LINCS-reversal,Reversal score discrimination,GSE50948,156,AUC,0.5224,"drug=chlormadinone-acetate, p=0.648028"
LINCS-reversal,Reversal score discrimination,GSE50948,156,AUC,0.462,"drug=chlorphenesin-carbamate, p=0.4386"
LINCS-reversal,Reversal score discrimination,GSE50948,156,AUC,0.4136,"drug=cilastatin, p=0.078001"
LINCS-reversal,Reversal score discrimination,GSE50948,156,AUC,0.4722,"drug=cimaterol, p=0.572062"
LINCS-reversal,Reversal score discrimination,GSE50948,156,AUC,0.4668,"drug=ciprofibrate, p=0.498234"
LINCS-reversal,Reversal score discrimination,GSE50948,156,AUC,0.4592,"drug=cisplatin, p=0.406151"
LINCS-reversal,Reversal score discrimination,GSE50948,156,AUC,0.5082,"drug=clocortolone-pivalate, p=0.869227"
LINCS-reversal,Reversal score discrimination,GSE50948,156,AUC,0.4964,"drug=clofibrate, p=0.943322"
LINCS-reversal,Reversal score discrimination,GSE50948,156,AUC,0.5717,"drug=cortisone-acetate, p=0.143452"
LINCS-reversal,Reversal score discrimination,GSE50948,156,AUC,0.6069,"drug=cuneatin, p=0.029147"
LINCS-reversal,Reversal score discrimination,GSE50948,156,AUC,0.5496,"drug=cyclopentolate, p=0.312354"
LINCS-reversal,Reversal score discrimination,GSE50948,156,AUC,0.4977,"drug=dacinostat, p=0.964185"
LINCS-reversal,Reversal score discrimination,GSE50948,156,AUC,0.5406,"drug=dasatinib, p=0.408268"
LINCS-reversal,Reversal score discrimination,GSE50948,156,AUC,0.4647,"drug=dehydrocholate, p=0.472491"
LINCS-reversal,Reversal score discrimination,GSE50948,156,AUC,0.4836,"drug=deoxycorticosterone-acetate, p=0.739117"
LINCS-reversal,Reversal score discrimination,GSE50948,156,AUC,0.4937,"drug=dephostatin, p=0.898764"
LINCS-reversal,Reversal score discrimination,GSE50948,156,AUC,0.5776,"drug=desloratadine, p=0.113468"
LINCS-reversal,Reversal score discrimination,GSE50948,156,AUC,0.4752,"drug=dexamethasone-acetate, p=0.613455"
LINCS-reversal,Reversal score discrimination,GSE50948,156,AUC,0.4587,"drug=dimenhydrinate, p=0.399837"
LINCS-reversal,Reversal score discrimination,GSE50948,156,AUC,0.4739,"drug=diphenoxylate, p=0.595183"
LINCS-reversal,Reversal score discrimination,GSE50948,156,AUC,0.4638,"drug=docosatrienoic-acid, p=0.461037"
LINCS-reversal,Reversal score discrimination,GSE50948,156,AUC,0.5888,"drug=droxinostat, p=0.070134"
LINCS-reversal,Reversal score discrimination,GSE50948,156,AUC,0.5616,"drug=eicosatetraynoic-acid, p=0.208661"
LINCS-reversal,Reversal score discrimination,GSE50948,156,AUC,0.4503,"drug=eicosatrienoic-acid, p=0.310565"
LINCS-reversal,Reversal score discrimination,GSE50948,156,AUC,0.5219,"drug=enalaprilat, p=0.656119"
LINCS-reversal,Reversal score discrimination,GSE50948,156,AUC,0.5256,"drug=entinostat, p=0.602984"
LINCS-reversal,Reversal score discrimination,GSE50948,156,AUC,0.4547,"drug=epibatidine, p=0.355365"
LINCS-reversal,Reversal score discrimination,GSE50948,156,AUC,0.4171,"drug=epicatechin-gallate-(-), p=0.090778"
LINCS-reversal,Reversal score discrimination,GSE50948,156,AUC,0.4351,"drug=epigallocatechin, p=0.185301"
LINCS-reversal,Reversal score discrimination,GSE50948,156,AUC,0.5598,"drug=epigallocatechin-gallate-(-), p=0.222527"
LINCS-reversal,Reversal score discrimination,GSE50948,156,AUC,0.5765,"drug=erbstatin-analog, p=0.118679"
LINCS-reversal,Reversal score discrimination,GSE50948,156,AUC,0.5164,"drug=erythromycin-estolate, p=0.739117"
LINCS-reversal,Reversal score discrimination,GSE50948,156,AUC,0.5072,"drug=erythromycin-ethylsuccinate, p=0.883976"
LINCS-reversal,Reversal score discrimination,GSE50948,156,AUC,0.4618,"drug=esatenolol, p=0.436392"
LINCS-reversal,Reversal score discrimination,GSE50948,156,AUC,0.5745,"drug=estradiol-benzoate, p=0.128716"
LINCS-reversal,Reversal score discrimination,GSE50948,156,AUC,0.5278,"drug=estradiol-cypionate, p=0.572062"
LINCS-reversal,Reversal score discrimination,GSE50948,156,AUC,0.4649,"drug=estradiol-valerate, p=0.474801"
LINCS-reversal,Reversal score discrimination,GSE50948,156,AUC,0.5479,"drug=estropipate, p=0.328758"
LINCS-reversal,Reversal score discrimination,GSE50948,156,AUC,0.4827,"drug=etamsylate, p=0.725039"
LINCS-reversal,Reversal score discrimination,GSE50948,156,AUC,0.5028,"drug=etazolate, p=0.95524"
LINCS-reversal,Reversal score discrimination,GSE50948,156,AUC,0.5402,"drug=etofenamate, p=0.412523"
LINCS-reversal,Reversal score discrimination,GSE50948,156,AUC,0.5604,"drug=etomidate, p=0.218299"
LINCS-reversal,Reversal score discrimination,GSE50948,156,AUC,0.5836,"drug=etretinate, p=0.087957"
LINCS-reversal,Reversal score discrimination,GSE50948,156,AUC,0.4981,"drug=eucatropine, p=0.970151"
LINCS-reversal,Reversal score discrimination,GSE50948,156,AUC,0.5085,"drug=fatostatin, p=0.86334"
LINCS-reversal,Reversal score discrimination,GSE50948,156,AUC,0.534,"drug=febuxostat, p=0.488787"
LINCS-reversal,Reversal score discrimination,GSE50948,156,AUC,0.56,"drug=felbamate, p=0.221111"
LINCS-reversal,Reversal score discrimination,GSE50948,156,AUC,0.47,"drug=fenofibrate, p=0.541916"
LINCS-reversal,Reversal score discrimination,GSE50948,156,AUC,0.4197,"drug=flavoxate, p=0.101229"
LINCS-reversal,Reversal score discrimination,GSE50948,156,AUC,0.4151,"drug=fludrocortisone-acetate, p=0.08319"
LINCS-reversal,Reversal score discrimination,GSE50948,156,AUC,0.4526,"drug=fluoropyruvate, p=0.334348"
LINCS-reversal,Reversal score discrimination,GSE50948,156,AUC,0.5435,"drug=fluticasone-propionate, p=0.375179"
LINCS-reversal,Reversal score discrimination,GSE50948,156,AUC,0.5287,"drug=fluvastatin, p=0.559405"
LINCS-reversal,Reversal score discrimination,GSE50948,156,AUC,0.5611,"drug=fostamatinib, p=0.212753"
LINCS-reversal,Reversal score discrimination,GSE50948,156,AUC,0.4605,"drug=gabexate, p=0.421112"
LINCS-reversal,Reversal score discrimination,GSE50948,156,AUC,0.4999,"drug=gatifloxacin, p=1.0"
LINCS-reversal,Reversal score discrimination,GSE50948,156,AUC,0.5197,"drug=givinostat, p=0.68888"
LINCS-reversal,Reversal score discrimination,GSE50948,156,AUC,0.5693,"drug=glycopyrrolate, p=0.157241"
LINCS-reversal,Reversal score discrimination,GSE50948,156,AUC,0.5682,"drug=guanaben-acetate, p=0.163934"
LINCS-reversal,Reversal score discrimination,GSE50948,156,AUC,0.5728,"drug=homatropine, p=0.13741"
LINCS-reversal,Reversal score discrimination,GSE50948,156,AUC,0.5591,"drug=homosalate, p=0.228254"
LINCS-reversal,Reversal score discrimination,GSE50948,156,AUC,0.503,"drug=homoveratrylamine, p=0.95226"
LINCS-reversal,Reversal score discrimination,GSE50948,156,AUC,0.4691,"drug=hydrocortisone-acetate, p=0.529593"
LINCS-reversal,Reversal score discrimination,GSE50948,156,AUC,0.5069,"drug=hydrocortisone-hemisuccinate, p=0.889887"
LINCS-reversal,Reversal score discrimination,GSE50948,156,AUC,0.5391,"drug=hydrocortisone-phosphate, p=0.425445"
LINCS-reversal,Reversal score discrimination,GSE50948,156,AUC,0.4389,"drug=hydrocortisone-valerate, p=0.212753"
LINCS-reversal,Reversal score discrimination,GSE50948,156,AUC,0.4428,"drug=hydroxytacrine-maleate-(r,s), p=0.243028"
LINCS-reversal,Reversal score discrimination,GSE50948,156,AUC,0.5023,"drug=ilomastat, p=0.964185"
LINCS-reversal,Reversal score discrimination,GSE50948,156,AUC,0.4274,"drug=imatinib, p=0.138403"
LINCS-reversal,Reversal score discrimination,GSE50948,156,AUC,0.5589,"drug=imperatorin, p=0.229702"
LINCS-reversal,Reversal score discrimination,GSE50948,156,AUC,0.5977,"drug=indatraline, p=0.046109"
LINCS-reversal,Reversal score discrimination,GSE50948,156,AUC,0.4274,"drug=ipratropium, p=0.138403"
LINCS-reversal,Reversal score discrimination,GSE50948,156,AUC,0.3704,"drug=isoflupredone-acetate, p=0.008158"
LINCS-reversal,Reversal score discrimination,GSE50948,156,AUC,0.5805,"drug=lanatoside-c, p=0.100452"
LINCS-reversal,Reversal score discrimination,GSE50948,156,AUC,0.5723,"drug=lapatinib, p=0.140406"
LINCS-reversal,Reversal score discrimination,GSE50948,156,AUC,0.4257,"drug=latamoxef, p=0.129661"
LINCS-reversal,Reversal score discrimination,GSE50948,156,AUC,0.5692,"drug=latanoprost, p=0.158342"
LINCS-reversal,Reversal score discrimination,GSE50948,156,AUC,0.394,"drug=latrepirdine, p=0.030558"
LINCS-reversal,Reversal score discrimination,GSE50948,156,AUC,0.5618,"drug=latrunculin-b, p=0.20731"
LINCS-reversal,Reversal score discrimination,GSE50948,156,AUC,0.4856,"drug=lomatin, p=0.770391"
LINCS-reversal,Reversal score discrimination,GSE50948,156,AUC,0.575,"drug=loratadine, p=0.125915"
LINCS-reversal,Reversal score discrimination,GSE50948,156,AUC,0.5616,"drug=lovastatin, p=0.208661"
LINCS-reversal,Reversal score discrimination,GSE50948,156,AUC,0.4268,"drug=meclofenoxate, p=0.13544"
LINCS-reversal,Reversal score discrimination,GSE50948,156,AUC,0.5831,"drug=melatonin, p=0.090066"
LINCS-reversal,Reversal score discrimination,GSE50948,156,AUC,0.4851,"drug=mepenzolate, p=0.761823"
LINCS-reversal,Reversal score discrimination,GSE50948,156,AUC,0.547,"drug=mepireserpate, p=0.338109"
LINCS-reversal,Reversal score discrimination,GSE50948,156,AUC,0.536,"drug=methotrexate, p=0.463315"
LINCS-reversal,Reversal score discrimination,GSE50948,156,AUC,0.4942,"drug=methyl-2,5-dihydroxycinnamate, p=0.907655"
LINCS-reversal,Reversal score discrimination,GSE50948,156,AUC,0.477,"drug=methyl-dopate, p=0.639978"
LINCS-reversal,Reversal score discrimination,GSE50948,156,AUC,0.4559,"drug=methylatropine, p=0.369164"
LINCS-reversal,Reversal score discrimination,GSE50948,156,AUC,0.4878,"drug=metrifonate, p=0.804938"
LINCS-reversal,Reversal score discrimination,GSE50948,156,AUC,0.5422,"drug=mevastatin, p=0.389447"
LINCS-reversal,Reversal score discrimination,GSE50948,156,AUC,0.4647,"drug=mifobate, p=0.472491"
LINCS-reversal,Reversal score discrimination,GSE50948,156,AUC,0.5219,"drug=mocetinostat, p=0.656119"
LINCS-reversal,Reversal score discrimination,GSE50948,156,AUC,0.5431,"drug=mycophenolate-mofetil, p=0.379222"
LINCS-reversal,Reversal score discrimination,GSE50948,156,AUC,0.4973,"drug=nateglinide, p=0.958221"
LINCS-reversal,Reversal score discrimination,GSE50948,156,AUC,0.3968,"drug=necrostatin-1, p=0.035148"
LINCS-reversal,Reversal score discrimination,GSE50948,156,AUC,0.5517,"drug=neratinib, p=0.291335"
LINCS-reversal,Reversal score discrimination,GSE50948,156,AUC,0.4655,"drug=nicotinyl-alcohol-tartrate, p=0.481766"
LINCS-reversal,Reversal score discrimination,GSE50948,156,AUC,0.5376,"drug=nizatidine, p=0.443037"
LINCS-reversal,Reversal score discrimination,GSE50948,156,AUC,0.54,"drug=nomegestrol-acetate, p=0.414661"
LINCS-reversal,Reversal score discrimination,GSE50948,156,AUC,0.5624,"drug=norgestimate, p=0.203294"
LINCS-reversal,Reversal score discrimination,GSE50948,156,AUC,0.5241,"drug=nystatin, p=0.624007"
LINCS-reversal,Reversal score discrimination,GSE50948,156,AUC,0.5798,"drug=obatoclax, p=0.103589"
LINCS-reversal,Reversal score discrimination,GSE50948,156,AUC,0.5067,"drug=ochratoxin-a, p=0.892844"
LINCS-reversal,Reversal score discrimination,GSE50948,156,AUC,0.5409,"drug=olopatadine, p=0.40404"
LINCS-reversal,Reversal score discrimination,GSE50948,156,AUC,0.5514,"drug=orlistat, p=0.294771"
LINCS-reversal,Reversal score discrimination,GSE50948,156,AUC,0.571,"drug=oxotremorine-sesquifumarate, p=0.147592"
LINCS-reversal,Reversal score discrimination,GSE50948,156,AUC,0.5263,"drug=panobinostat, p=0.592593"
LINCS-reversal,Reversal score discrimination,GSE50948,156,AUC,0.4356,"drug=parthenolide-(alternate-stereo), p=0.189054"
LINCS-reversal,Reversal score discrimination,GSE50948,156,AUC,0.5133,"drug=pepstatin, p=0.787613"
LINCS-reversal,Reversal score discrimination,GSE50948,156,AUC,0.5219,"drug=pevonedistat, p=0.656119"
LINCS-reversal,Reversal score discrimination,GSE50948,156,AUC,0.4576,"drug=phenethyl-isothiocyanate, p=0.387388"
LINCS-reversal,Reversal score discrimination,GSE50948,156,AUC,0.4757,"drug=phenprobamate, p=0.621361"
LINCS-reversal,Reversal score discrimination,GSE50948,156,AUC,0.6095,"drug=phenylbutyrate, p=0.025491"
LINCS-reversal,Reversal score discrimination,GSE50948,156,AUC,0.5442,"drug=phorbol-12-myristate-13-acetate, p=0.367173"
LINCS-reversal,Reversal score discrimination,GSE50948,156,AUC,0.5704,"drug=phthalylsulfathiazole, p=0.150757"
LINCS-reversal,Reversal score discrimination,GSE50948,156,AUC,0.4862,"drug=piceatannol, p=0.778989"
LINCS-reversal,Reversal score discrimination,GSE50948,156,AUC,0.4933,"drug=piperidolate, p=0.892844"
LINCS-reversal,Reversal score discrimination,GSE50948,156,AUC,0.5281,"drug=pitavastatin, p=0.566983"
LINCS-reversal,Reversal score discrimination,GSE50948,156,AUC,0.4182,"drug=polydatin, p=0.095146"
LINCS-reversal,Reversal score discrimination,GSE50948,156,AUC,0.5598,"drug=ponalrestat, p=0.222527"
LINCS-reversal,Reversal score discrimination,GSE50948,156,AUC,0.4981,"drug=ponatinib, p=0.970151"
LINCS-reversal,Reversal score discrimination,GSE50948,156,AUC,0.5005,"drug=potassium-canrenoate, p=0.994029"
LINCS-reversal,Reversal score discrimination,GSE50948,156,AUC,0.5298,"drug=pravastatin, p=0.544397"
LINCS-reversal,Reversal score discrimination,GSE50948,156,AUC,0.4409,"drug=prednicarbate, p=0.228254"
LINCS-reversal,Reversal score discrimination,GSE50948,156,AUC,0.4657,"drug=prednisolone-acetate, p=0.484101"
LINCS-reversal,Reversal score discrimination,GSE50948,156,AUC,0.4898,"drug=prednisolone-hemisuccinate, p=0.836947"
LINCS-reversal,Reversal score discrimination,GSE50948,156,AUC,0.4367,"drug=pregnenolone-succinate, p=0.196727"
LINCS-reversal,Reversal score discrimination,GSE50948,156,AUC,0.469,"drug=procaterol, p=0.527145"
LINCS-reversal,Reversal score discrimination,GSE50948,156,AUC,0.5003,"drug=prostratin, p=0.997014"
LINCS-reversal,Reversal score discrimination,GSE50948,156,AUC,0.4376,"drug=protein-tyrosine-phosphatase-inhibitor-iv, p=0.203294"
LINCS-reversal,Reversal score discrimination,GSE50948,156,AUC,0.5038,"drug=pyrrolidine-dithiocarbamate, p=0.940345"
LINCS-reversal,Reversal score discrimination,GSE50948,156,AUC,0.5605,"drug=pyrvinium-pamoate, p=0.216903"
LINCS-reversal,Reversal score discrimination,GSE50948,156,AUC,0.4882,"drug=resveratrol, p=0.810736"
LINCS-reversal,Reversal score discrimination,GSE50948,156,AUC,0.5268,"drug=retinyl-acetate, p=0.584855"
LINCS-reversal,Reversal score discrimination,GSE50948,156,AUC,0.512,"drug=rizatriptan, p=0.807836"
LINCS-reversal,Reversal score discrimination,GSE50948,156,AUC,0.6294,"drug=rosuvastatin, p=0.008248"
LINCS-reversal,Reversal score discrimination,GSE50948,156,AUC,0.6364,"drug=roxatidine-acetate, p=0.005371"
LINCS-reversal,Reversal score discrimination,GSE50948,156,AUC,0.5539,"drug=saracatinib, p=0.271289"
LINCS-reversal,Reversal score discrimination,GSE50948,156,AUC,0.5281,"drug=simvastatin, p=0.566983"
LINCS-reversal,Reversal score discrimination,GSE50948,156,AUC,0.5594,"drug=skatole, p=0.225377"
LINCS-reversal,Reversal score discrimination,GSE50948,156,AUC,0.5523,"drug=somatostatin, p=0.286233"
LINCS-reversal,Reversal score discrimination,GSE50948,156,AUC,0.494,"drug=spiroxatrine, p=0.90469"
LINCS-reversal,Reversal score discrimination,GSE50948,156,AUC,0.523,"drug=succinylsulfathiazole, p=0.639978"
LINCS-reversal,Reversal score discrimination,GSE50948,156,AUC,0.5043,"drug=sulfathiazole, p=0.931417"
LINCS-reversal,Reversal score discrimination,GSE50948,156,AUC,0.5129,"drug=sumatriptan, p=0.793377"
LINCS-reversal,Reversal score discrimination,GSE50948,156,AUC,0.4162,"drug=talniflumate, p=0.087263"
LINCS-reversal,Reversal score discrimination,GSE50948,156,AUC,0.4851,"drug=tenatoprazole, p=0.761823"
LINCS-reversal,Reversal score discrimination,GSE50948,156,AUC,0.5455,"drug=testosterone-propionate, p=0.353421"
LINCS-reversal,Reversal score discrimination,GSE50948,156,AUC,0.4461,"drug=tetrahydropalmatine, p=0.271289"
LINCS-reversal,Reversal score discrimination,GSE50948,156,AUC,0.6333,"drug=tetramethyl-haematoxylone, p=0.006522"
LINCS-reversal,Reversal score discrimination,GSE50948,156,AUC,0.5094,"drug=tiratricol, p=0.848656"
LINCS-reversal,Reversal score discrimination,GSE50948,156,AUC,0.551,"drug=tolnaftate, p=0.298233"
LINCS-reversal,Reversal score discrimination,GSE50948,156,AUC,0.4953,"drug=topiramate, p=0.92547"
LINCS-reversal,Reversal score discrimination,GSE50948,156,AUC,0.5221,"drug=tosedostat, p=0.653417"
LINCS-reversal,Reversal score discrimination,GSE50948,156,AUC,0.4351,"drug=tracazolate, p=0.185301"
LINCS-reversal,Reversal score discrimination,GSE50948,156,AUC,0.5281,"drug=trichostatin-a, p=0.566983"
LINCS-reversal,Reversal score discrimination,GSE50948,156,AUC,0.6107,"drug=tropanyl-3,5-dimethylbenzoate, p=0.023817"
LINCS-reversal,Reversal score discrimination,GSE50948,156,AUC,0.5063,"drug=tubastatin-a, p=0.898764"
LINCS-reversal,Reversal score discrimination,GSE50948,156,AUC,0.5536,"drug=vatalanib, p=0.274563"
LINCS-reversal,Reversal score discrimination,GSE50948,156,AUC,0.4442,"drug=veratridine, p=0.255322"
LINCS-reversal,Reversal score discrimination,GSE50948,156,AUC,0.6406,"drug=vigabatrin, p=0.004105"
LINCS-reversal,Reversal score discrimination,GSE50948,156,AUC,0.5453,"drug=vorinostat, p=0.355365"
LINCS-reversal,Reversal score discrimination,GSE50948,156,AUC,0.5668,"drug=wiskostatin, p=0.173189"
LINCS-reversal,Reversal score discrimination,GSE50948,156,AUC,0.5397,"drug=zatebradine, p=0.418955"
LINCS-reversal,Reversal score discrimination,GSE66999,76,AUC,0.3476,"drug=docetaxel, p=0.227533"
LINCS-reversal,Reversal score discrimination,GSE6861,161,AUC,0.478,"drug=cyclophosphamide, p=0.636492"
LINCS-reversal,Reversal score discrimination,GSE82172,152,AUC,0.4951,"drug=tamoxifen, p=0.944661"
Patient-LightGBM-LODO,LODO-CV (per-fold),GSE20194,278,AUC,0.8894,"balanced_acc=0.748, sens=0.554, spec=0.941"
Patient-LightGBM-LODO,LODO-CV (per-fold),GSE20271,178,AUC,0.712,"balanced_acc=0.636, sens=0.654, spec=0.618"
Patient-LightGBM-LODO,LODO-CV (per-fold),GSE25066,488,AUC,0.7983,"balanced_acc=0.696, sens=0.596, spec=0.797"
Patient-LightGBM-LODO,LODO-CV (per-fold),GSE32646,115,AUC,0.7555,"balanced_acc=0.688, sens=0.593, spec=0.784"
Patient-LightGBM-LODO,LODO-CV (per-fold),GSE41998,206,AUC,0.4627,"balanced_acc=0.549, sens=0.298, spec=0.800"
Patient-LightGBM-LODO,LODO-CV (per-fold),GSE4779,102,AUC,0.974,"balanced_acc=0.898, sens=0.923, spec=0.873"
Patient-LightGBM-LODO,LODO-CV (per-fold),GSE50948,156,AUC,0.5153,"balanced_acc=0.535, sens=0.264, spec=0.806"
Patient-LightGBM-LODO,LODO-CV (per-fold),GSE66999,76,AUC,0.4714,"balanced_acc=0.400, sens=0.300, spec=0.500"
Patient-LightGBM-LODO,LODO-CV (per-fold),GSE6861,161,AUC,0.8496,"balanced_acc=0.765, sens=0.803, spec=0.726"
Patient-LightGBM-LODO,LODO-CV (per-fold),GSE82172,152,AUC,0.5158,"balanced_acc=0.527, sens=0.429, spec=0.626"
Patient-LightGBM-LODO,LODO-CV (mean),MEAN,191,AUC,0.6944,"balanced_acc=0.644, sens=0.541, spec=0.747"
